排名,标题,链接,热度
1,逐梦苍穹,https://www.baidu.com/s?wd=%E9%80%90%E6%A2%A6%E8%8B%8D%E7%A9%B9&sa=fyb_news&rsv_dl=fyb_news,7904450
2,曝美对华关税或降至50%-65%,https://www.baidu.com/s?wd=%E6%9B%9D%E7%BE%8E%E5%AF%B9%E5%8D%8E%E5%85%B3%E7%A8%8E%E6%88%96%E9%99%8D%E8%87%B350%25-65%25&sa=fyb_news&rsv_dl=fyb_news,7809187
3,大降对华关税 特朗普为何转弯,https://www.baidu.com/s?wd=%E5%A4%A7%E9%99%8D%E5%AF%B9%E5%8D%8E%E5%85%B3%E7%A8%8E+%E7%89%B9%E6%9C%97%E6%99%AE%E4%B8%BA%E4%BD%95%E8%BD%AC%E5%BC%AF&sa=fyb_news&rsv_dl=fyb_news,7714482
4,神二十乘组简历来了,https://www.baidu.com/s?wd=%E7%A5%9E%E4%BA%8C%E5%8D%81%E4%B9%98%E7%BB%84%E7%AE%80%E5%8E%86%E6%9D%A5%E4%BA%86&sa=fyb_news&rsv_dl=fyb_news,7618275
5,你的手机可能正在泄密,https://www.baidu.com/s?wd=%E4%BD%A0%E7%9A%84%E6%89%8B%E6%9C%BA%E5%8F%AF%E8%83%BD%E6%AD%A3%E5%9C%A8%E6%B3%84%E5%AF%86&sa=fyb_news&rsv_dl=fyb_news,7520343
6,李现人生照片打卡处被封 景区回应,https://www.baidu.com/s?wd=%E6%9D%8E%E7%8E%B0%E4%BA%BA%E7%94%9F%E7%85%A7%E7%89%87%E6%89%93%E5%8D%A1%E5%A4%84%E8%A2%AB%E5%B0%81+%E6%99%AF%E5%8C%BA%E5%9B%9E%E5%BA%94&sa=fyb_news&rsv_dl=fyb_news,7425373
7,银行职员诈骗1.6亿花6千万打赏主播,https://www.baidu.com/s?wd=%E9%93%B6%E8%A1%8C%E8%81%8C%E5%91%98%E8%AF%88%E9%AA%971.6%E4%BA%BF%E8%8A%B16%E5%8D%83%E4%B8%87%E6%89%93%E8%B5%8F%E4%B8%BB%E6%92%AD&sa=fyb_news&rsv_dl=fyb_news,7331553
8,王楠老公谈刘国梁辞职,https://www.baidu.com/s?wd=%E7%8E%8B%E6%A5%A0%E8%80%81%E5%85%AC%E8%B0%88%E5%88%98%E5%9B%BD%E6%A2%81%E8%BE%9E%E8%81%8C&sa=fyb_news&rsv_dl=fyb_news,7235182
9,周杰伦演唱会480元票只能看大屏,https://www.baidu.com/s?wd=%E5%91%A8%E6%9D%B0%E4%BC%A6%E6%BC%94%E5%94%B1%E4%BC%9A480%E5%85%83%E7%A5%A8%E5%8F%AA%E8%83%BD%E7%9C%8B%E5%A4%A7%E5%B1%8F&sa=fyb_news&rsv_dl=fyb_news,7141068
10,特斯拉利润暴跌71% 马斯克叹了口气,https://www.baidu.com/s?wd=%E7%89%B9%E6%96%AF%E6%8B%89%E5%88%A9%E6%B6%A6%E6%9A%B4%E8%B7%8C71%25+%E9%A9%AC%E6%96%AF%E5%85%8B%E5%8F%B9%E4%BA%86%E5%8F%A3%E6%B0%94&sa=fyb_news&rsv_dl=fyb_news,7047734
11,韩国检方起诉前总统文在寅,https://www.baidu.com/s?wd=%E9%9F%A9%E5%9B%BD%E6%A3%80%E6%96%B9%E8%B5%B7%E8%AF%89%E5%89%8D%E6%80%BB%E7%BB%9F%E6%96%87%E5%9C%A8%E5%AF%85&sa=fyb_news&rsv_dl=fyb_news,6947503
12,新疆5A级景区门票全免？假,https://www.baidu.com/s?wd=%E6%96%B0%E7%96%865A%E7%BA%A7%E6%99%AF%E5%8C%BA%E9%97%A8%E7%A5%A8%E5%85%A8%E5%85%8D%EF%BC%9F%E5%81%87&sa=fyb_news&rsv_dl=fyb_news,6855974
13,美10余州起诉特朗普政府滥用关税,https://www.baidu.com/s?wd=%E7%BE%8E10%E4%BD%99%E5%B7%9E%E8%B5%B7%E8%AF%89%E7%89%B9%E6%9C%97%E6%99%AE%E6%94%BF%E5%BA%9C%E6%BB%A5%E7%94%A8%E5%85%B3%E7%A8%8E&sa=fyb_news&rsv_dl=fyb_news,6752609
14,马龙这批球员为什么都不当教练了,https://www.baidu.com/s?wd=%E9%A9%AC%E9%BE%99%E8%BF%99%E6%89%B9%E7%90%83%E5%91%98%E4%B8%BA%E4%BB%80%E4%B9%88%E9%83%BD%E4%B8%8D%E5%BD%93%E6%95%99%E7%BB%83%E4%BA%86&sa=fyb_news&rsv_dl=fyb_news,6661250
15,保姆一声吼保住东家355万,https://www.baidu.com/s?wd=%E4%BF%9D%E5%A7%86%E4%B8%80%E5%A3%B0%E5%90%BC%E4%BF%9D%E4%BD%8F%E4%B8%9C%E5%AE%B6355%E4%B8%87&sa=fyb_news&rsv_dl=fyb_news,6562731
16,中国周边4国为何被美征最高3521%关税,https://www.baidu.com/s?wd=%E4%B8%AD%E5%9B%BD%E5%91%A8%E8%BE%B94%E5%9B%BD%E4%B8%BA%E4%BD%95%E8%A2%AB%E7%BE%8E%E5%BE%81%E6%9C%80%E9%AB%983521%25%E5%85%B3%E7%A8%8E&sa=fyb_news&rsv_dl=fyb_news,6463971
17,刘国梁成在任时间最短乒协主席,https://www.baidu.com/s?wd=%E5%88%98%E5%9B%BD%E6%A2%81%E6%88%90%E5%9C%A8%E4%BB%BB%E6%97%B6%E9%97%B4%E6%9C%80%E7%9F%AD%E4%B9%92%E5%8D%8F%E4%B8%BB%E5%B8%AD&sa=fyb_news&rsv_dl=fyb_news,6371109
18,老板出摊晚到了5分钟被顾客一顿批评,https://www.baidu.com/s?wd=%E8%80%81%E6%9D%BF%E5%87%BA%E6%91%8A%E6%99%9A%E5%88%B0%E4%BA%865%E5%88%86%E9%92%9F%E8%A2%AB%E9%A1%BE%E5%AE%A2%E4%B8%80%E9%A1%BF%E6%89%B9%E8%AF%84&sa=fyb_news&rsv_dl=fyb_news,6275621
19,特朗普炮轰泽连斯基：他可以再打3年,https://www.baidu.com/s?wd=%E7%89%B9%E6%9C%97%E6%99%AE%E7%82%AE%E8%BD%B0%E6%B3%BD%E8%BF%9E%E6%96%AF%E5%9F%BA%EF%BC%9A%E4%BB%96%E5%8F%AF%E4%BB%A5%E5%86%8D%E6%89%933%E5%B9%B4&sa=fyb_news&rsv_dl=fyb_news,6189663
20,万斯向乌克兰发出“最后通牒”,https://www.baidu.com/s?wd=%E4%B8%87%E6%96%AF%E5%90%91%E4%B9%8C%E5%85%8B%E5%85%B0%E5%8F%91%E5%87%BA%E2%80%9C%E6%9C%80%E5%90%8E%E9%80%9A%E7%89%92%E2%80%9D&sa=fyb_news&rsv_dl=fyb_news,6084144
21,陈坤晒怼脸素颜照 称已白发苍苍,https://www.baidu.com/s?wd=%E9%99%88%E5%9D%A4%E6%99%92%E6%80%BC%E8%84%B8%E7%B4%A0%E9%A2%9C%E7%85%A7+%E7%A7%B0%E5%B7%B2%E7%99%BD%E5%8F%91%E8%8B%8D%E8%8B%8D&sa=fyb_news&rsv_dl=fyb_news,5995383
22,特朗普正为与中国达成协议做准备,https://www.baidu.com/s?wd=%E7%89%B9%E6%9C%97%E6%99%AE%E6%AD%A3%E4%B8%BA%E4%B8%8E%E4%B8%AD%E5%9B%BD%E8%BE%BE%E6%88%90%E5%8D%8F%E8%AE%AE%E5%81%9A%E5%87%86%E5%A4%87&sa=fyb_news&rsv_dl=fyb_news,5891258
23,美股大幅收涨 纳指涨2.5%,https://www.baidu.com/s?wd=%E7%BE%8E%E8%82%A1%E5%A4%A7%E5%B9%85%E6%94%B6%E6%B6%A8+%E7%BA%B3%E6%8C%87%E6%B6%A82.5%25&sa=fyb_news&rsv_dl=fyb_news,5807668
24,刘强东餐馆取外卖 老板没认出来,https://www.baidu.com/s?wd=%E5%88%98%E5%BC%BA%E4%B8%9C%E9%A4%90%E9%A6%86%E5%8F%96%E5%A4%96%E5%8D%96+%E8%80%81%E6%9D%BF%E6%B2%A1%E8%AE%A4%E5%87%BA%E6%9D%A5&sa=fyb_news&rsv_dl=fyb_news,5715868
25,重庆崽儿西藏自救后又上演硬核营救,https://www.baidu.com/s?wd=%E9%87%8D%E5%BA%86%E5%B4%BD%E5%84%BF%E8%A5%BF%E8%97%8F%E8%87%AA%E6%95%91%E5%90%8E%E5%8F%88%E4%B8%8A%E6%BC%94%E7%A1%AC%E6%A0%B8%E8%90%A5%E6%95%91&sa=fyb_news&rsv_dl=fyb_news,5616304
26,女子抓隐翅虫没洗手摸眼睛致红肿,https://www.baidu.com/s?wd=%E5%A5%B3%E5%AD%90%E6%8A%93%E9%9A%90%E7%BF%85%E8%99%AB%E6%B2%A1%E6%B4%97%E6%89%8B%E6%91%B8%E7%9C%BC%E7%9D%9B%E8%87%B4%E7%BA%A2%E8%82%BF&sa=fyb_news&rsv_dl=fyb_news,5508921
27,妻子拉黑病重丈夫 在其去世后争遗产,https://www.baidu.com/s?wd=%E5%A6%BB%E5%AD%90%E6%8B%89%E9%BB%91%E7%97%85%E9%87%8D%E4%B8%88%E5%A4%AB+%E5%9C%A8%E5%85%B6%E5%8E%BB%E4%B8%96%E5%90%8E%E4%BA%89%E9%81%97%E4%BA%A7&sa=fyb_news&rsv_dl=fyb_news,5417233
28,大理电子秤170克手机称出340克,https://www.baidu.com/s?wd=%E5%A4%A7%E7%90%86%E7%94%B5%E5%AD%90%E7%A7%A4170%E5%85%8B%E6%89%8B%E6%9C%BA%E7%A7%B0%E5%87%BA340%E5%85%8B&sa=fyb_news&rsv_dl=fyb_news,5335975
29,刘国梁说王励勤马龙是难得的人才,https://www.baidu.com/s?wd=%E5%88%98%E5%9B%BD%E6%A2%81%E8%AF%B4%E7%8E%8B%E5%8A%B1%E5%8B%A4%E9%A9%AC%E9%BE%99%E6%98%AF%E9%9A%BE%E5%BE%97%E7%9A%84%E4%BA%BA%E6%89%8D&sa=fyb_news&rsv_dl=fyb_news,5229118
30,男生一瘸一拐出考场家长飞奔搀扶,https://www.baidu.com/s?wd=%E7%94%B7%E7%94%9F%E4%B8%80%E7%98%B8%E4%B8%80%E6%8B%90%E5%87%BA%E8%80%83%E5%9C%BA%E5%AE%B6%E9%95%BF%E9%A3%9E%E5%A5%94%E6%90%80%E6%89%B6&sa=fyb_news&rsv_dl=fyb_news,5142715
31,乌克兰首都基辅等地多次响起爆炸声,https://www.baidu.com/s?wd=%E4%B9%8C%E5%85%8B%E5%85%B0%E9%A6%96%E9%83%BD%E5%9F%BA%E8%BE%85%E7%AD%89%E5%9C%B0%E5%A4%9A%E6%AC%A1%E5%93%8D%E8%B5%B7%E7%88%86%E7%82%B8%E5%A3%B0&sa=fyb_news&rsv_dl=fyb_news,5026714
32,中方在联合国呼吁反对美国单边霸凌,https://www.baidu.com/s?wd=%E4%B8%AD%E6%96%B9%E5%9C%A8%E8%81%94%E5%90%88%E5%9B%BD%E5%91%BC%E5%90%81%E5%8F%8D%E5%AF%B9%E7%BE%8E%E5%9B%BD%E5%8D%95%E8%BE%B9%E9%9C%B8%E5%87%8C&sa=fyb_news&rsv_dl=fyb_news,4941506
33,特朗普对华关税“松口”有何心思,https://www.baidu.com/s?wd=%E7%89%B9%E6%9C%97%E6%99%AE%E5%AF%B9%E5%8D%8E%E5%85%B3%E7%A8%8E%E2%80%9C%E6%9D%BE%E5%8F%A3%E2%80%9D%E6%9C%89%E4%BD%95%E5%BF%83%E6%80%9D&sa=fyb_news&rsv_dl=fyb_news,4838478
34,刘国梁曾说找不到理由折腾王励勤,https://www.baidu.com/s?wd=%E5%88%98%E5%9B%BD%E6%A2%81%E6%9B%BE%E8%AF%B4%E6%89%BE%E4%B8%8D%E5%88%B0%E7%90%86%E7%94%B1%E6%8A%98%E8%85%BE%E7%8E%8B%E5%8A%B1%E5%8B%A4&sa=fyb_news&rsv_dl=fyb_news,4760454
35,重庆一幼儿园回应招聘教师要求硕士,https://www.baidu.com/s?wd=%E9%87%8D%E5%BA%86%E4%B8%80%E5%B9%BC%E5%84%BF%E5%9B%AD%E5%9B%9E%E5%BA%94%E6%8B%9B%E8%81%98%E6%95%99%E5%B8%88%E8%A6%81%E6%B1%82%E7%A1%95%E5%A3%AB&sa=fyb_news&rsv_dl=fyb_news,4662474
36,黄金价格“疯涨” 银行调高起投门槛,https://www.baidu.com/s?wd=%E9%BB%84%E9%87%91%E4%BB%B7%E6%A0%BC%E2%80%9C%E7%96%AF%E6%B6%A8%E2%80%9D+%E9%93%B6%E8%A1%8C%E8%B0%83%E9%AB%98%E8%B5%B7%E6%8A%95%E9%97%A8%E6%A7%9B&sa=fyb_news&rsv_dl=fyb_news,4553117
37,导演汪俊说与孙俪合作默契,https://www.baidu.com/s?wd=%E5%AF%BC%E6%BC%94%E6%B1%AA%E4%BF%8A%E8%AF%B4%E4%B8%8E%E5%AD%99%E4%BF%AA%E5%90%88%E4%BD%9C%E9%BB%98%E5%A5%91&sa=fyb_news&rsv_dl=fyb_news,4456246
38,四位老艺术家在重庆同框了,https://www.baidu.com/s?wd=%E5%9B%9B%E4%BD%8D%E8%80%81%E8%89%BA%E6%9C%AF%E5%AE%B6%E5%9C%A8%E9%87%8D%E5%BA%86%E5%90%8C%E6%A1%86%E4%BA%86&sa=fyb_news&rsv_dl=fyb_news,4351721
39,电视剧《佳偶天成》首发预告,https://www.baidu.com/s?wd=%E7%94%B5%E8%A7%86%E5%89%A7%E3%80%8A%E4%BD%B3%E5%81%B6%E5%A4%A9%E6%88%90%E3%80%8B%E9%A6%96%E5%8F%91%E9%A2%84%E5%91%8A&sa=fyb_news&rsv_dl=fyb_news,4284483
40,伊朗谴责美最新制裁：缺乏谈判诚意,https://www.baidu.com/s?wd=%E4%BC%8A%E6%9C%97%E8%B0%B4%E8%B4%A3%E7%BE%8E%E6%9C%80%E6%96%B0%E5%88%B6%E8%A3%81%EF%BC%9A%E7%BC%BA%E4%B9%8F%E8%B0%88%E5%88%A4%E8%AF%9A%E6%84%8F&sa=fyb_news&rsv_dl=fyb_news,4184095
41,阿维塔06亮相上海国际车展,https://www.baidu.com/s?wd=%E9%98%BF%E7%BB%B4%E5%A1%9406%E4%BA%AE%E7%9B%B8%E4%B8%8A%E6%B5%B7%E5%9B%BD%E9%99%85%E8%BD%A6%E5%B1%95&sa=fyb_news&rsv_dl=fyb_news,4068705
42,柯洁遭争议判罚后 中国放弃参加LG杯,https://www.baidu.com/s?wd=%E6%9F%AF%E6%B4%81%E9%81%AD%E4%BA%89%E8%AE%AE%E5%88%A4%E7%BD%9A%E5%90%8E+%E4%B8%AD%E5%9B%BD%E6%94%BE%E5%BC%83%E5%8F%82%E5%8A%A0LG%E6%9D%AF&sa=fyb_news&rsv_dl=fyb_news,3993316
43,甘肃高服回应服务区热水器设围栏,https://www.baidu.com/s?wd=%E7%94%98%E8%82%83%E9%AB%98%E6%9C%8D%E5%9B%9E%E5%BA%94%E6%9C%8D%E5%8A%A1%E5%8C%BA%E7%83%AD%E6%B0%B4%E5%99%A8%E8%AE%BE%E5%9B%B4%E6%A0%8F&sa=fyb_news&rsv_dl=fyb_news,3883335
44,女子上厕所遭陌生男子闯入并反锁,https://www.baidu.com/s?wd=%E5%A5%B3%E5%AD%90%E4%B8%8A%E5%8E%95%E6%89%80%E9%81%AD%E9%99%8C%E7%94%9F%E7%94%B7%E5%AD%90%E9%97%AF%E5%85%A5%E5%B9%B6%E5%8F%8D%E9%94%81&sa=fyb_news&rsv_dl=fyb_news,3810531
45,刘奕畅李沐宸疑似同居,https://www.baidu.com/s?wd=%E5%88%98%E5%A5%95%E7%95%85%E6%9D%8E%E6%B2%90%E5%AE%B8%E7%96%91%E4%BC%BC%E5%90%8C%E5%B1%85&sa=fyb_news&rsv_dl=fyb_news,3714981
46,问界智能增程行驶总里程超124亿公里,https://www.baidu.com/s?wd=%E9%97%AE%E7%95%8C%E6%99%BA%E8%83%BD%E5%A2%9E%E7%A8%8B%E8%A1%8C%E9%A9%B6%E6%80%BB%E9%87%8C%E7%A8%8B%E8%B6%85124%E4%BA%BF%E5%85%AC%E9%87%8C&sa=fyb_news&rsv_dl=fyb_news,3599850
47,#仅退款为何会全面取消#,https://www.baidu.com/s?wd=%23%E4%BB%85%E9%80%80%E6%AC%BE%E4%B8%BA%E4%BD%95%E4%BC%9A%E5%85%A8%E9%9D%A2%E5%8F%96%E6%B6%88%23&sa=fyb_news&rsv_dl=fyb_news,3501384
48,曝马斯克和美财长激烈争吵 大声爆粗,https://www.baidu.com/s?wd=%E6%9B%9D%E9%A9%AC%E6%96%AF%E5%85%8B%E5%92%8C%E7%BE%8E%E8%B4%A2%E9%95%BF%E6%BF%80%E7%83%88%E4%BA%89%E5%90%B5+%E5%A4%A7%E5%A3%B0%E7%88%86%E7%B2%97&sa=fyb_news&rsv_dl=fyb_news,3389046
49,傅聪：中国不惹事也决不怕事,https://www.baidu.com/s?wd=%E5%82%85%E8%81%AA%EF%BC%9A%E4%B8%AD%E5%9B%BD%E4%B8%8D%E6%83%B9%E4%BA%8B%E4%B9%9F%E5%86%B3%E4%B8%8D%E6%80%95%E4%BA%8B&sa=fyb_news&rsv_dl=fyb_news,3336095
50,特朗普设“特朗普币大股东宴”,https://www.baidu.com/s?wd=%E7%89%B9%E6%9C%97%E6%99%AE%E8%AE%BE%E2%80%9C%E7%89%B9%E6%9C%97%E6%99%AE%E5%B8%81%E5%A4%A7%E8%82%A1%E4%B8%9C%E5%AE%B4%E2%80%9D&sa=fyb_news&rsv_dl=fyb_news,3212119
51,雷霆主帅：我们还有潜力,https://www.baidu.com/s?wd=%E9%9B%B7%E9%9C%86%E4%B8%BB%E5%B8%85%EF%BC%9A%E6%88%91%E4%BB%AC%E8%BF%98%E6%9C%89%E6%BD%9C%E5%8A%9B&sa=fyb_news&rsv_dl=fyb_news,3109237
